ID_CLIENTE;EDAD; TINGRESOS1 ; GASTOSVIV1 ; OTROSGASTOS1 ;NACIONALIDAD;VIVIENDA;MARCA_FRAUDE
2900010933586.00;24;13200;null;null;EXTRANJERO;Familia;1
2900010933955.00;52;13104;1800;12;NACIONAL;Alquilado;0
2900010934204.00;56;null;null;null;NACIONAL;Desconocido;0
2900010998161.00;37;24010;null;null;NACIONAL;Propia;1
2900003796714.00;62;null;3000;null;NACIONAL;Alquilado;1
2900002396142.00;70;20760;20760;null;NACIONAL;Alquilado;1
2900006824104.00;48;13200;null;12;NACIONAL;Propia;1
2900010862476.00;69;4800;null;2400;NACIONAL;Propia;1
2900003263364.00;39;23268;10656;6000;NACIONAL;Hipoteca;1
2900002748831.00;63;9348;null;null;NACIONAL;Propia;0
2900010858724.00;49;12036;3468;12;EXTRANJERO;Hipoteca;0
2900002105615.00;66;15648;null;null;NACIONAL;Propia;1
2900001026054.00;40;null;null;null;NACIONAL;Otra vivienda;0
2900002814456.00;54;24000;null;null;NACIONAL;Hipoteca;0
2900001730224.00;45;34426;6600;4800;NACIONAL;Alquilado;0
2900001233293.00;47;15750;5652;1956;NACIONAL;Hipoteca;0
2900010863761.00;65;17570;null;1464;NACIONAL;Propia;0
2900010774291.00;50;36000;null;null;NACIONAL;Hipoteca;0
2900010863028.00;44;19200;6000;12;NACIONAL;Hipoteca;0
2900010863044.00;36;18600;3624;840;NACIONAL;Hipoteca;0
2900000778578.00;50;10800;5400;2664;EXTRANJERO;Familia;0
2900002917956.00;28;12;5280;3600;NACIONAL;Hipoteca;0
2900010530523.00;37;13860;4560;null;EXTRANJERO;Hipoteca;0
2900006970581.00;48;26474;null;null;NACIONAL;Familia;0
2900001345770.00;39;null;null;null;NACIONAL;Hipoteca;0
2900010360312.00;32;null;6720;null;NACIONAL;Hipoteca;0
2900000835953.00;36;null;null;null;NACIONAL;Hipoteca;0
2900006453968.00;38;34566;null;2520;NACIONAL;Familia;0
2900001684007.00;32;16176;null;null;NACIONAL;Familia;0
2900010933754.00;40;60900;11844;9600;NACIONAL;Hipoteca;0
2900001967343.00;38;29680;6000;12;NACIONAL;Hipoteca;0
2900001925289.00;50;28464;7200;null;NACIONAL;Hipoteca;0
2900010431862.00;61;20566;1680;9600;NACIONAL;Alquilado;0
2900010807995.00;51;13836;5280;3504;NACIONAL;Hipoteca;0
2900010934045.00;43;5502;null;null;EXTRANJERO;Desconocido;0
2900003253347.00;34;null;null;null;NACIONAL;Hipoteca;0
2900003852454.00;50;null;null;null;NACIONAL;Propia;0
2900000841715.00;52;35364;7500;6000;NACIONAL;Hipoteca;0
2900000729559.00;55;18276;4800;4752;NACIONAL;Alquilado;0
2900010633644.00;44;16520;8040;7968;NACIONAL;Hipoteca;0
2900010929322.00;39;null;null;null;NACIONAL;Hipoteca;0
2900010672261.00;31;null;null;null;NACIONAL;Familia;0
2900002626120.00;70;23856;6000;1812;NACIONAL;Hipoteca;0
2900001824011.00;59;null;16800;12432;NACIONAL;Hipoteca;0
2900006719252.00;38;14400;null;null;NACIONAL;Propia;0
2900001861756.00;44;107700;6240;18000;NACIONAL;Hipoteca;0
2900010934675.00;51;18000;2016;12;NACIONAL;Hipoteca;0
2900002829643.00;36;null;null;null;NACIONAL;Propia;0
2900003396758.00;45;18000;4200;null;NACIONAL;Hipoteca;0
2900003164260.00;36;10598;null;null;NACIONAL;Otra vivienda;0
2900007007155.00;41;null;null;null;NACIONAL;Propia;0
2900007090967.00;46;18032;2400;3216;NACIONAL;Hipoteca;0
2900010991428.00;42;17290;5040;5100;NACIONAL;Hipoteca;0
2900010998315.00;52;28548;null;6252;NACIONAL;Propia;0
2900002154637.00;65;15876;6072;2400;NACIONAL;Hipoteca;0
2900010546709.00;32;17360;6000;null;NACIONAL;Hipoteca;0
2900003787887.00;39;null;null;null;NACIONAL;Hipoteca;0
2900003161138.00;54;22246;3780;3000;NACIONAL;Hipoteca;0
2900002998423.00;54;null;4800;null;NACIONAL;Hipoteca;0
2900010998827.00;32;23100;null;null;NACIONAL;Propia;0
2900002773074.00;44;8652;12;null;NACIONAL;Hipoteca;0
2900010812204.00;50;12600;null;600;NACIONAL;Propia;0
2900006794220.00;45;15400;null;null;EXTRANJERO;Familia;0
2900010478631.00;65;21600;3600;12;NACIONAL;Alquilado;0
2900010934637.00;42;10800;null;12;NACIONAL;Familia;0
2900000726183.00;61;17340;null;null;NACIONAL;Hipoteca;0
2900006486560.00;42;11892;null;null;NACIONAL;Hipoteca;0
2900002425872.00;46;null;null;null;NACIONAL;Familia;0
2900007113067.00;20;10380;null;null;NACIONAL;Otra vivienda;0
2900002152302.00;36;null;null;null;NACIONAL;Familia;0
2900003722341.00;64;15484;null;1296;NACIONAL;Familia;0
2900010863874.00;50;29694;4344;2304;NACIONAL;Hipoteca;0
2900000876063.00;55;34748;4320;5808;NACIONAL;Hipoteca;0
2900002512871.00;39;29400;5940;10800;NACIONAL;Hipoteca;0
2900003349191.00;54;18564;null;11520;NACIONAL;Familia;0
2900001549509.00;48;16800;null;null;EXTRANJERO;Alquilado;0
2900007392911.00;46;null;3600;null;EXTRANJERO;Alquilado;0
2900001093835.00;73;13608;null;7548;NACIONAL;Propia;0
2900003773508.00;41;14400;12;12;EXTRANJERO;Alquilado;0
2900010580866.00;52;12900;180;12;NACIONAL;Hipoteca;0
2900002699573.00;41;21434;3048;3000;NACIONAL;Hipoteca;0
2900003791904.00;41;10200;null;null;NACIONAL;Familia;0
2900010915202.00;41;19992;4440;2400;NACIONAL;Hipoteca;0
2900003102129.00;48;null;null;null;NACIONAL;Hipoteca;0
2900002255666.00;48;24486;4860;12156;NACIONAL;Hipoteca;0
2900002496456.00;58;20052;4056;3600;NACIONAL;Hipoteca;0
2900000977662.00;43;null;null;null;NACIONAL;Familia;0
2900010362552.00;27;null;null;null;NACIONAL;Alquilado;0
2900010411184.00;22;10716;null;3948;EXTRANJERO;Familia;0
2900010933139.00;43;18564;null;12;NACIONAL;Propia;0
2900007443400.00;40;15912;null;6168;NACIONAL;Propia;0
2900002440662.00;70;18200;null;3600;NACIONAL;Familia;0
2900000773963.00;39;null;null;null;NACIONAL;Hipoteca;0
2900001504677.00;56;42042;null;2964;NACIONAL;Propia;0
2900010272415.00;49;8760;null;null;NACIONAL;Familia;0
2900010472146.00;67;null;null;null;NACIONAL;Familia;0
2900003301864.00;61;21966;456;3792;NACIONAL;Propia;0
2900010618082.00;51;22540;null;null;NACIONAL;Familia;0
2900010933791.00;44;17424;5760;6600;NACIONAL;Hipoteca;0
2900001816930.00;41;14400;null;null;EXTRANJERO;Alquilado;0
2900010934248.00;57;null;5352;6000;NACIONAL;Desconocido;0
2900006451503.00;59;23676;null;null;NACIONAL;Hipoteca;0
2900006671112.00;42;26474;null;9672;NACIONAL;Propia;0
2900002077521.00;38;14616;null;2376;NACIONAL;Propia;0
2900010998782.00;45;18480;2304;1716;NACIONAL;Hipoteca;0
2900002393431.00;54;null;null;null;NACIONAL;Propia;0
2900000770358.00;39;15218;4200;12;NACIONAL;Hipoteca;0
2900002475790.00;61;38400;null;null;NACIONAL;Hipoteca;0
2900001881572.00;55;23128;null;null;NACIONAL;Hipoteca;0
2900007372624.00;43;11160;6600;null;NACIONAL;Alquilado;0
2900000922302.00;46;null;null;null;NACIONAL;Hipoteca;0
2900001857959.00;69;null;null;null;NACIONAL;Alquilado;0
2900003297165.00;63;null;null;null;NACIONAL;Propia;0
2900002715095.00;44;null;null;null;NACIONAL;Hipoteca;0
2900000623227.00;57;null;null;null;NACIONAL;Propia;0
2900010218055.00;41;null;null;null;NACIONAL;Alquilado;0
2900002126216.00;46;null;null;null;NACIONAL;Hipoteca;0
2900001867544.00;40;18200;null;null;NACIONAL;Otra vivienda;0
2900010683025.00;34;11280;3600;null;NACIONAL;Hipoteca;0
2900006418477.00;69;null;5400;null;NACIONAL;Hipoteca;0
2900006257905.00;40;44712;null;12;NACIONAL;Propia;0
2900003115474.00;64;null;3096;null;NACIONAL;Hipoteca;0
2900006492896.00;55;15162;7080;3792;NACIONAL;Alquilado;0
2900010863777.00;46;117960;null;12;NACIONAL;Familia;0
2900003387224.00;58;29610;null;18000;NACIONAL;Propia;0
2900002992869.00;28;18528;null;3360;NACIONAL;Familia;0
2900007458322.00;36;22400;7800;7200;NACIONAL;Hipoteca;0
2900010498191.00;49;10800;5400;972;NACIONAL;Desconocido;0
2900007204005.00;41;23086;7200;3600;NACIONAL;Hipoteca;0
2900001084635.00;37;null;null;null;NACIONAL;Otra vivienda;0
2900002360436.00;41;null;null;null;NACIONAL;Hipoteca;0
2900010600738.00;54;12264;null;720;NACIONAL;Propia;0
2900003743663.00;46;17878;10800;null;NACIONAL;Alquilado;0
2900003098273.00;34;16632;6000;12;NACIONAL;Alquilado;0
2900010862777.00;61;17514;null;624;NACIONAL;Propia;0
2900002823270.00;54;18872;4680;18000;EXTRANJERO;Alquilado;0
2900010862610.00;50;11606;3792;12;NACIONAL;Hipoteca;0
2900010698142.00;37;null;null;null;EXTRANJERO;Alquilado;0
2900000742843.00;39;null;4200;null;NACIONAL;Hipoteca;0
2900006788505.00;61;21364;null;3120;NACIONAL;Propia;0
2900002301632.00;53;28700;6000;3360;NACIONAL;Hipoteca;0
2900007310246.00;34;21840;null;9660;NACIONAL;Familia;0
2900006596440.00;35;null;null;null;NACIONAL;Hipoteca;0
2900006587514.00;56;19212;null;4200;EXTRANJERO;Propia;0
2900002019179.00;64;20776;null;5880;NACIONAL;Propia;0
2900001478669.00;53;null;4200;3600;NACIONAL;Hipoteca;0
2900010893525.00;40;13580;null;2760;NACIONAL;Propia;0
2900010933915.00;41;18000;null;null;NACIONAL;Propia;0
2900003277071.00;60;54754;null;4872;NACIONAL;Propia;0
2900007015957.00;44;14412;3636;1332;NACIONAL;Hipoteca;0
2900001859817.00;36;14916;3000;12;NACIONAL;Alquilado;0
2900006349562.00;47;27636;14400;3000;NACIONAL;Hipoteca;0
2900001485635.00;48;null;null;null;EXTRANJERO;Familia;0
2900001875098.00;45;19460;null;7200;NACIONAL;Familia;0
2900002657603.00;51;28000;null;null;EXTRANJERO;Hipoteca;0
2900002289629.00;43;19080;null;null;NACIONAL;Hipoteca;0
2900006838266.00;49;17076;3960;null;NACIONAL;Alquilado;0
2900002706150.00;48;null;null;null;NACIONAL;Hipoteca;0
2900002021999.00;57;52572;null;4200;NACIONAL;Propia;0
2900001388161.00;57;14840;null;null;NACIONAL;Propia;0
2900006348673.00;50;40608;9600;1800;NACIONAL;Hipoteca;0
2900010933495.00;48;19200;null;1080;NACIONAL;Propia;0
2900001276048.00;48;18360;null;null;EXTRANJERO;Alquilado;0
2900010935174.00;62;21000;6000;null;NACIONAL;Alquilado;0
2900010998532.00;31;23800;null;null;NACIONAL;Familia;0
2900010998321.00;31;16800;7800;null;EXTRANJERO;Alquilado;0
2900010442301.00;70;null;null;null;NACIONAL;Familia;0
2900010515364.00;27;14844;null;5736;EXTRANJERO;Familia;0
2900002905354.00;45;20412;4176;14400;NACIONAL;Hipoteca;0
2900002197619.00;48;23814;6600;3600;NACIONAL;Alquilado;0
2900006485731.00;32;12348;2400;null;EXTRANJERO;Alquilado;0
2900001100999.00;29;null;null;null;NACIONAL;Familia;0
2900010935265.00;59;12000;3600;3000;NACIONAL;Hipoteca;0
2900006363468.00;75;null;null;null;NACIONAL;Propia;0
2900000623227.00;57;null;null;null;NACIONAL;Propia;0
2900010461127.00;52;34412;4800;1500;NACIONAL;Hipoteca;0
2900010981403.00;42;14400;null;null;NACIONAL;Propia;0
2900002336715.00;41;24066;null;9408;NACIONAL;Familia;0
2900006569237.00;51;null;null;null;NACIONAL;Hipoteca;0
2900003188863.00;39;19600;5400;1800;NACIONAL;Hipoteca;0
2900002528553.00;71;28238;null;2400;NACIONAL;Propia;0
2900007037333.00;39;9852;3900;4752;NACIONAL;Alquilado;0
2900002603177.00;58;13200;3000;null;NACIONAL;Hipoteca;0
2900006339206.00;34;18900;4800;1080;NACIONAL;Alquilado;0
2900010861819.00;51;5004;4500;null;NACIONAL;Hipoteca;0
2900007513328.00;36;26208;4800;null;NACIONAL;Alquilado;0
2900000722618.00;53;null;null;null;NACIONAL;Alquilado;0
2900003177960.00;42;16800;null;null;NACIONAL;Familia;0
2900003376659.00;75;16156;null;1380;NACIONAL;Propia;0
2900010427486.00;45;44400;null;6000;NACIONAL;Propia;0
2900001216724.00;67;16786;null;1320;NACIONAL;Familia;0
2900001329332.00;40;14796;null;6876;NACIONAL;Familia;0
2900003357385.00;43;20538;3600;1200;NACIONAL;Alquilado;0
2900010863060.00;42;6792;4392;1860;NACIONAL;Hipoteca;0
2900010863352.00;73;15120;null;null;EXTRANJERO;Propia;0
2900003343146.00;43;21000;7200;3600;NACIONAL;Hipoteca;0
2900002083046.00;46;null;null;null;NACIONAL;Empresa;0
2900010862654.00;31;25466;null;12;NACIONAL;Familia;0
2900006522508.00;41;22400;6000;8088;EXTRANJERO;Alquilado;0
2900010933108.00;51;28574;4968;3108;NACIONAL;Hipoteca;0
2900000936176.00;52;16416;null;1560;NACIONAL;Propia;0
2900003178455.00;52;8862;3540;1680;NACIONAL;Hipoteca;0
2900001583021.00;52;12000;3840;null;EXTRANJERO;Hipoteca;0
2900007479317.00;38;15600;2580;2760;EXTRANJERO;Hipoteca;0
2900010208011.00;44;null;2712;null;NACIONAL;Hipoteca;0
2900002294431.00;33;20688;null;5760;NACIONAL;Propia;0
2900003749212.00;52;12120;null;12;EXTRANJERO;Familia;0
2900007143274.00;52;13368;null;9600;NACIONAL;Propia;0
2900007470113.00;41;9478;null;12;NACIONAL;Propia;0
2900006642768.00;38;16296;null;12;NACIONAL;Propia;0
2900006642421.00;56;14508;2400;null;NACIONAL;Hipoteca;0
2900002136034.00;50;15960;null;2028;EXTRANJERO;Alquilado;0
2900010932703.00;27;10680;null;1596;NACIONAL;Familia;0
2900001150111.00;35;null;null;null;NACIONAL;Empresa;0
2900010490193.00;33;10800;5760;12;EXTRANJERO;Alquilado;0
2900000747030.00;42;26026;6000;12;NACIONAL;Alquilado;0
2900001618504.00;57;25298;null;4752;NACIONAL;Propia;0
2900001775518.00;31;28244;null;12;NACIONAL;Familia;0
2900010549265.00;49;null;null;null;NACIONAL;Familia;0
2900003155479.00;52;24276;4200;7200;NACIONAL;Alquilado;0
2900002687047.00;49;17724;null;null;NACIONAL;Otra vivienda;0
2900001619782.00;48;14336;null;null;NACIONAL;Propia;0
2900010549037.00;43;25200;6420;null;NACIONAL;Hipoteca;0
2900001751994.00;53;19838;null;2748;NACIONAL;Familia;0
2900010218055.00;41;31136;4800;12;NACIONAL;Alquilado;0
2900010549810.00;42;13608;null;11988;EXTRANJERO;Familia;0
2900001505245.00;41;19600;null;null;NACIONAL;Familia;0
2900002727511.00;55;11354;null;5424;NACIONAL;Propia;0
2900010863359.00;32;14000;1968;1968;EXTRANJERO;Hipoteca;0
2900010863359.00;32;14000;1968;1968;EXTRANJERO;Hipoteca;0
2900002998423.00;54;null;4800;null;NACIONAL;Hipoteca;0
2900003116230.00;48;19032;7932;12;NACIONAL;Hipoteca;0
2900010386742.00;35;17346;4560;648;EXTRANJERO;Alquilado;0
2900010863460.00;42;36000;3504;2820;NACIONAL;Hipoteca;0
2900007513284.00;29;null;null;null;EXTRANJERO;Desconocido;0
2900003301109.00;47;null;null;null;EXTRANJERO;Familia;0
2900001691611.00;27;null;null;null;NACIONAL;Familia;0
2900010863161.00;55;null;null;null;EXTRANJERO;Alquilado;0
2900010538077.00;68;null;null;null;NACIONAL;Propia;0
2900010605419.00;33;18312;3240;12;NACIONAL;Hipoteca;0
2900002391753.00;48;17038;8436;12060;NACIONAL;Hipoteca;0
2900003220211.00;50;27202;null;12;NACIONAL;Propia;0
2900000820667.00;35;13800;2640;3120;NACIONAL;Hipoteca;0
2900006788503.00;58;9226;null;3120;NACIONAL;Propia;0
2900007384773.00;48;37212;null;5400;NACIONAL;Familia;0
2900010677465.00;54;14352;1236;2400;NACIONAL;Hipoteca;0
2900002555412.00;56;18000;null;null;NACIONAL;Propia;0
2900002211956.00;48;16842;5340;12;EXTRANJERO;Hipoteca;0
2900003446342.00;68;17458;null;12;NACIONAL;Propia;0
2900010861620.00;59;28264;null;12;NACIONAL;Propia;0
2900002268890.00;57;22092;5700;null;NACIONAL;Hipoteca;0
2900007421893.00;25;16356;4800;12;NACIONAL;Familia;0
2900010862527.00;34;18000;4752;12;EXTRANJERO;Hipoteca;0
2900006861543.00;44;24066;3600;6720;NACIONAL;Alquilado;0
2900003812085.00;47;13944;4200;12;NACIONAL;Hipoteca;0
2900010231373.00;36;14028;null;null;NACIONAL;Familia;0
2900002192587.00;37;15372;3228;2520;NACIONAL;Hipoteca;0
2900007332231.00;25;16212;3000;null;NACIONAL;Alquilado;0
2900010880544.00;47;12;null;null;NACIONAL;Propia;0
2900003035514.00;40;12420;null;null;NACIONAL;Alquilado;0
2900001850645.00;41;15432;null;12;NACIONAL;Propia;0
2900007079456.00;39;18804;4800;1200;NACIONAL;Hipoteca;0
2900006346387.00;75;16800;null;null;NACIONAL;Propia;0
2900006807855.00;58;15000;null;9816;NACIONAL;Familia;0
2900010631101.00;47;22414;null;420;NACIONAL;Propia;0
2900001698922.00;45;null;null;null;NACIONAL;Propia;0
2900003251359.00;30;20676;null;2880;NACIONAL;Familia;0
2900002721230.00;40;20244;9000;null;NACIONAL;Hipoteca;0
2900010932753.00;63;18046;7200;996;NACIONAL;Hipoteca;0
2900007462942.00;61;15400;null;null;NACIONAL;Propia;0
2900002214867.00;50;23408;8400;6768;NACIONAL;Propia;0
2900002493215.00;71;13146;null;8964;NACIONAL;Propia;0
2900003214656.00;56;36848;null;16956;NACIONAL;Propia;0
2900003167406.00;58;15048;null;null;NACIONAL;Propia;0
2900010933388.00;46;null;9840;4200;NACIONAL;Alquilado;0
2900002715095.00;44;34080;null;7200;NACIONAL;Hipoteca;0
2900003857976.00;47;null;3480;12;NACIONAL;Hipoteca;0
2900000715189.00;68;null;null;null;NACIONAL;Propia;0
2900010683025.00;34;11280;3600;null;NACIONAL;Hipoteca;0
2900010250811.00;38;null;null;null;NACIONAL;Hipoteca;0
2900000779468.00;50;13560;null;13560;NACIONAL;Propia;0
2900002897049.00;55;12;null;null;NACIONAL;Propia;0
2900010226389.00;27;17976;null;2400;EXTRANJERO;Familia;0
2900003364772.00;31;null;null;null;NACIONAL;Propia;0
2900001187443.00;55;19600;7800;12;EXTRANJERO;Alquilado;0
2900010863602.00;30;15848;null;876;EXTRANJERO;Familia;0
2900002198421.00;41;35896;11400;1836;NACIONAL;Hipoteca;0
2900010863060.00;42;6792;4392;1860;NACIONAL;Hipoteca;0
2900002083821.00;62;26110;2760;12;NACIONAL;Hipoteca;0
2900010833886.00;45;61600;9840;4632;NACIONAL;Hipoteca;0
2900010862923.00;62;5712;null;12;NACIONAL;Propia;0
2900000712040.00;47;null;null;null;NACIONAL;Alquilado;0
2900001154055.00;52;15876;2520;564;NACIONAL;Hipoteca;0
2900001213312.00;50;16260;null;null;NACIONAL;Hipoteca;0
2900007330172.00;57;28956;null;null;NACIONAL;Hipoteca;0
2900002699080.00;53;null;3240;4872;NACIONAL;Hipoteca;0
2900010859241.00;47;11830;null;2088;NACIONAL;Familia;0
2900006764862.00;47;24360;null;4104;NACIONAL;Propia;0
2900001721957.00;42;24000;4320;null;NACIONAL;Alquilado;0
2900010935297.00;73;17122;null;1800;NACIONAL;Propia;0
2900010935887.00;37;24318;5760;12;NACIONAL;Hipoteca;0
2900002114440.00;62;null;null;null;NACIONAL;Propia;0
2900007207166.00;41;null;null;null;NACIONAL;Familia;0
2900007070009.00;48;10976;null;null;NACIONAL;Propia;0
2900003806049.00;55;49572;null;null;NACIONAL;Alquilado;0
2900010506526.00;54;27034;null;6000;NACIONAL;Familia;0
2900010564837.00;44;13500;null;12;NACIONAL;Propia;0
2900001184312.00;45;15638;null;null;NACIONAL;Familia;0
2900002917979.00;61;22400;null;3600;NACIONAL;Propia;0
2900010933547.00;53;29400;null;12;NACIONAL;Propia;0
2900001508745.00;58;12110;null;12;EXTRANJERO;Propia;0
2900003377315.00;59;9120;null;null;NACIONAL;Propia;0
2900000895257.00;55;16100;5736;1440;NACIONAL;Hipoteca;0
2900002075669.00;48;12012;null;4800;NACIONAL;Propia;0
2900010935671.00;55;12460;3000;null;NACIONAL;Alquilado;0
2900010935161.00;57;31710;3600;8100;NACIONAL;Hipoteca;0
2900006841460.00;48;null;null;null;NACIONAL;Familia;0
2900006810802.00;21;12;5520;12;EXTRANJERO;Alquilado;0
2900010727446.00;49;17040;4440;2400;NACIONAL;Hipoteca;0
2900006764945.00;67;11400;null;null;NACIONAL;Alquilado;0
2900002361419.00;45;31178;9600;6732;NACIONAL;Hipoteca;0
2900010935155.00;35;23800;4800;null;NACIONAL;Hipoteca;0
2900010327041.00;42;27580;4800;3000;NACIONAL;Hipoteca;0
2900010935251.00;43;20188;6360;1356;EXTRANJERO;Alquilado;0
2900010935251.00;43;17304;6360;1356;EXTRANJERO;Alquilado;0
2900007207166.00;41;null;null;null;NACIONAL;Familia;0
2900006741576.00;26;18382;null;6000;NACIONAL;Familia;0
2900010486340.00;50;25718;6048;2640;NACIONAL;Hipoteca;0
2900006845423.00;33;14400;7200;12;EXTRANJERO;Alquilado;0
2900000665466.00;45;null;null;null;NACIONAL;Hipoteca;0
2900000833801.00;66;29946;null;10872;NACIONAL;Propia;0
2900001539699.00;43;18830;3000;4200;NACIONAL;Hipoteca;0
2900010955144.00;44;32760;6876;2280;NACIONAL;Hipoteca;0
2900006485731.00;32;12348;2400;null;EXTRANJERO;Alquilado;0
2900010998529.00;36;16800;null;1200;NACIONAL;Propia;0
2900010998826.00;42;17514;null;3600;NACIONAL;Familia;0
2900002773774.00;56;17038;6000;12;NACIONAL;Hipoteca;0
2900002551955.00;47;null;null;null;NACIONAL;Hipoteca;0
2900006981939.00;57;23800;6720;5400;NACIONAL;Hipoteca;0
2900006647005.00;27;12288;null;1560;EXTRANJERO;Familia;0
2900001209520.00;36;28572;null;1080;NACIONAL;Familia;0
2900010463284.00;62;17472;null;null;NACIONAL;Hipoteca;0
2900003177816.00;62;21434;3660;5532;NACIONAL;Hipoteca;0
2900001961529.00;54;null;null;null;NACIONAL;Propia;0
2900001736664.00;29;20286;3900;300;NACIONAL;Alquilado;0
2900001288388.00;46;23292;null;null;NACIONAL;Alquilado;0
2900010934949.00;41;10800;null;1920;NACIONAL;Familia;0
2900010935472.00;48;31808;7260;null;NACIONAL;Hipoteca;0
2900010218055.00;41;null;null;null;NACIONAL;Alquilado;0
2900001934833.00;35;null;null;null;NACIONAL;Familia;0
2900002320630.00;43;16296;2760;1536;EXTRANJERO;Hipoteca;0
2900006731992.00;30;15444;null;null;NACIONAL;Hipoteca;0
2900007062328.00;39;null;null;null;NACIONAL;Familia;0
2900001446138.00;37;21434;6912;8112;NACIONAL;Hipoteca;0
2900000933454.00;43;11196;4800;18744;NACIONAL;Alquilado;0
2900002631167.00;39;14266;null;12;NACIONAL;Familia;0
2900006271053.00;45;22554;null;null;EXTRANJERO;Alquilado;0
2900003093829.00;52;16800;null;7200;EXTRANJERO;Familia;0
2900007378807.00;41;15372;null;5712;EXTRANJERO;Familia;0
2900000611636.00;50;15638;null;840;NACIONAL;Propia;0
2900010237095.00;59;54166;5640;2400;NACIONAL;Alquilado;0
2900002215405.00;45;23002;7632;3600;NACIONAL;Hipoteca;0
2900010863312.00;50;19612;5196;4800;NACIONAL;Hipoteca;0
2900010862280.00;46;20388;9000;12;NACIONAL;Hipoteca;0
2900010842698.00;61;null;null;300;NACIONAL;Desconocido;0
2900000844923.00;30;null;null;null;NACIONAL;Hipoteca;0
2900010443910.00;36;16932;null;null;EXTRANJERO;Propia;0
2900001546754.00;44;22848;null;null;NACIONAL;Hipoteca;0
2900002590663.00;56;null;null;null;NACIONAL;Familia;0
2900010862325.00;53;12;11640;6000;NACIONAL;Hipoteca;0
2900002073473.00;41;22848;10200;4800;NACIONAL;Alquilado;0
2900006591574.00;34;18200;null;null;EXTRANJERO;Familia;0
2900001073128.00;54;25396;null;1200;NACIONAL;Propia;0
2900002474486.00;42;24794;7200;null;NACIONAL;Alquilado;0
2900002465103.00;52;10892;7560;1752;NACIONAL;Hipoteca;0
2900007228691.00;27;null;null;null;NACIONAL;Familia;0
2900006981382.00;27;8952;null;null;EXTRANJERO;Familia;0
2900000779558.00;46;26112;6600;13200;EXTRANJERO;Hipoteca;0
2900003778968.00;41;22884;2676;1632;NACIONAL;Propia;0
2900010932701.00;44;14798;null;null;NACIONAL;Propia;0
2900002653788.00;28;17076;4800;1140;NACIONAL;Alquilado;0
2900006396258.00;32;12000;3480;12;EXTRANJERO;Hipoteca;0
2900001199570.00;43;21000;null;null;NACIONAL;Propia;0
2900007383805.00;44;10752;2400;11244;NACIONAL;Alquilado;0
2900006611428.00;40;28868;7200;null;NACIONAL;Hipoteca;0
2900002033609.00;61;22190;4200;12;NACIONAL;Propia;0
2900002685482.00;36;24542;6000;4800;NACIONAL;Hipoteca;0
2900001813569.00;40;null;null;null;EXTRANJERO;Alquilado;0
2900001354750.00;66;23156;null;12;NACIONAL;Propia;0
2900002175889.00;42;null;null;null;NACIONAL;Hipoteca;0
2900003025132.00;56;13008;null;null;NACIONAL;Propia;0
2900006569800.00;69;21154;null;2400;NACIONAL;Propia;0
2900010601466.00;40;12838;null;6420;NACIONAL;Familia;0
2900000670257.00;46;null;7128;null;NACIONAL;Hipoteca;0
2900010925218.00;67;21840;null;12;NACIONAL;Propia;0
2900010935810.00;60;28378;6828;1116;NACIONAL;Hipoteca;0
2900003022781.00;47;36386;7236;14496;NACIONAL;Alquilado;0
2900010998397.00;61;24444;null;null;NACIONAL;Propia;0
2900010824250.00;63;14000;5400;null;NACIONAL;Alquilado;0
2900006551219.00;39;28700;null;null;NACIONAL;Hipoteca;0
2900003124881.00;52;19068;3000;4200;EXTRANJERO;Hipoteca;0
2900000891629.00;46;18000;null;null;NACIONAL;Hipoteca;0
2900006309202.00;58;19200;null;1080;NACIONAL;Propia;0
2900010932970.00;45;13476;4380;1416;NACIONAL;Hipoteca;0
2900000919377.00;53;12000;null;null;NACIONAL;Alquilado;0
2900010933833.00;55;28320;3624;876;NACIONAL;Hipoteca;0
2900001857959.00;69;null;null;null;NACIONAL;Alquilado;0
2900001925193.00;51;21600;null;null;NACIONAL;Alquilado;0
2900010863359.00;32;14000;1968;1968;EXTRANJERO;Hipoteca;0
2900000808855.00;38;null;null;null;EXTRANJERO;Hipoteca;0
2900003728328.00;61;15848;3516;12;EXTRANJERO;Hipoteca;0
2900000854837.00;40;21490;9000;14148;EXTRANJERO;Alquilado;0
2900010863233.00;53;14508;5160;12000;NACIONAL;Hipoteca;0
2900010307536.00;48;30684;4728;8820;NACIONAL;Hipoteca;0
2900007259409.00;58;28000;null;null;NACIONAL;Alquilado;0
2900003261170.00;66;13536;null;null;NACIONAL;Alquilado;0
2900006820341.00;27;12444;null;12;NACIONAL;Propia;0
2900001757942.00;39;14112;6000;12;NACIONAL;Hipoteca;0
2900006323545.00;42;16716;null;null;NACIONAL;Familia;0
2900007464681.00;46;13818;null;12;NACIONAL;Propia;0
2900010862923.00;62;5712;null;12;NACIONAL;Propia;0
2900001207206.00;65;22946;null;null;NACIONAL;Hipoteca;0
2900010935313.00;64;10976;null;3900;NACIONAL;Propia;0
2900010372993.00;59;12120;4200;null;NACIONAL;Hipoteca;0
2900003089734.00;44;null;8544;null;NACIONAL;Hipoteca;0
2900002262309.00;37;12754;null;1536;NACIONAL;Familia;0
2900007353059.00;53;17040;6000;null;EXTRANJERO;Alquilado;0
2900010934609.00;41;23982;3960;1740;NACIONAL;Hipoteca;0
2900002980239.00;45;21000;3744;6804;EXTRANJERO;Familia;0
2900000981673.00;28;16240;null;null;NACIONAL;Familia;0
2900003045628.00;55;18256;null;8676;NACIONAL;Propia;0
2900002667780.00;53;14770;6000;6000;NACIONAL;Hipoteca;0
2900007421261.00;44;12960;1800;1800;EXTRANJERO;Alquilado;0
2900000777278.00;39;null;4200;2520;NACIONAL;Hipoteca;0
2900001708272.00;51;32326;null;null;NACIONAL;Hipoteca;0
2900002782117.00;42;15400;4440;12;NACIONAL;Hipoteca;0
2900000874433.00;69;18802;null;7200;NACIONAL;Alojado de forma gratuita;0
2900002000727.00;35;16310;null;720;NACIONAL;Familia;0
2900001475698.00;54;10548;null;null;NACIONAL;Hipoteca;0
2900002712155.00;49;56056;4980;9600;NACIONAL;Hipoteca;0
2900006829718.00;64;23156;5820;12;NACIONAL;Hipoteca;0
2900001294445.00;67;null;2112;4800;NACIONAL;Hipoteca;0
2900003711546.00;49;24570;null;4800;NACIONAL;Familia;0
2900001838268.00;32;12744;2880;12;NACIONAL;Hipoteca;0
2900002712202.00;58;15192;null;null;NACIONAL;Hipoteca;0
2900002740416.00;27;22380;null;4440;EXTRANJERO;Familia;0
2900006976858.00;30;14856;1836;12;NACIONAL;Hipoteca;0
2900010912733.00;40;10560;null;3000;NACIONAL;Propia;0
2900010641082.00;53;18802;null;null;NACIONAL;Propia;0
2900010933072.00;40;8288;3600;4488;NACIONAL;Hipoteca;0
2900006577979.00;30;15696;null;12;EXTRANJERO;Familia;0
2900001647855.00;47;null;null;null;NACIONAL;Alquilado;0
2900006981939.00;57;23800;6720;5400;NACIONAL;Hipoteca;0
2900003803977.00;63;8932;null;1152;NACIONAL;Propia;0
2900001190879.00;36;18804;null;null;NACIONAL;Hipoteca;0
2900010426442.00;51;17458;null;2400;NACIONAL;Propia;0
2900000630936.00;29;8664;null;12;NACIONAL;Otra vivienda;0
2900007064916.00;42;20734;4800;14172;NACIONAL;Alquilado;0
2900010861781.00;52;null;5280;12;NACIONAL;Hipoteca;0
2900002099352.00;55;14400;null;null;NACIONAL;Propia;0
2900003179966.00;51;27300;7800;6120;NACIONAL;Alquilado;0
2900000616004.00;75;13384;null;780;EXTRANJERO;Familia;0
2900003240937.00;58;18336;null;null;NACIONAL;Propia;0
2900000642306.00;52;null;null;null;NACIONAL;Hipoteca;0
2900000715189.00;68;null;null;null;NACIONAL;Propia;0
2900001751994.00;53;null;null;2748;NACIONAL;Familia;0
2900002383297.00;60;null;6540;null;NACIONAL;Hipoteca;0
2900001757478.00;39;16100;2400;600;NACIONAL;Alquilado;0
2900002653080.00;51;30800;null;12;NACIONAL;Familia;0
2900007114125.00;41;null;8340;1200;NACIONAL;Hipoteca;0
2900001930434.00;43;13800;null;null;NACIONAL;Propia;0
2900003044430.00;44;27412;5088;2952;NACIONAL;Hipoteca;0
2900010806172.00;44;null;null;3000;NACIONAL;Propia;0
2900010302392.00;40;20916;4800;4200;NACIONAL;Alquilado;0
2900006596440.00;35;null;null;null;NACIONAL;Hipoteca;0
2900001583405.00;75;18018;3600;12;NACIONAL;Hipoteca;0
2900010608481.00;55;8232;5520;12;NACIONAL;Hipoteca;0
2900001411734.00;64;11550;9132;3600;NACIONAL;Hipoteca;0
2900001746594.00;78;21966;null;12;NACIONAL;Propia;0
2900010438284.00;42;14988;null;null;EXTRANJERO;Alquilado;0
2900001974006.00;47;25080;null;null;NACIONAL;Alquilado;0
2900001210613.00;71;16506;null;12;NACIONAL;Propia;0
2900007092558.00;37;16980;3708;3600;NACIONAL;Hipoteca;0
2900010863983.00;45;17856;null;12;NACIONAL;Propia;0
2900001875797.00;31;12614;null;null;NACIONAL;Alquilado;0
2900006975752.00;31;15330;5364;null;NACIONAL;Hipoteca;0
2900001387229.00;35;14630;null;3840;NACIONAL;Empresa;0
2900000770023.00;64;19180;7200;1908;NACIONAL;Hipoteca;0
2900001394058.00;52;21000;null;null;NACIONAL;Hipoteca;0
2900000848663.00;30;null;null;null;NACIONAL;Hipoteca;0
2900001922655.00;47;null;null;null;NACIONAL;Alquilado;0
2900001704844.00;51;12;3000;1800;NACIONAL;Hipoteca;0
2900002814072.00;56;null;null;null;NACIONAL;Hipoteca;0
2900001776181.00;64;20748;7920;5748;NACIONAL;Alquilado;0
2900000777278.00;39;null;4200;2520;NACIONAL;Hipoteca;0
2900010257619.00;37;12824;null;1800;NACIONAL;Familia;0
2900002437795.00;51;13734;null;3900;EXTRANJERO;Alojado de forma gratuita;0
2900003181684.00;71;21406;null;3600;NACIONAL;Propia;0
2900010934176.00;56;16226;null;4728;NACIONAL;Propia;0
2900003427271.00;57;16758;null;12;NACIONAL;Propia;0
2900010474992.00;49;30422;4440;9072;NACIONAL;Hipoteca;0
2900010934996.00;44;21000;4248;3996;NACIONAL;Hipoteca;0
2900010315109.00;48;9600;null;null;NACIONAL;Familia;0
2900010490193.00;33;10368;4500;12;EXTRANJERO;Alquilado;0
2900002183300.00;38;null;null;null;NACIONAL;Familia;0
2900010641082.00;53;19460;null;6360;NACIONAL;Propia;0
2900003773477.00;57;10992;6240;1500;NACIONAL;Hipoteca;0
2900006559697.00;43;17772;3360;9192;NACIONAL;Hipoteca;0
2900001791869.00;38;19488;6000;12;EXTRANJERO;Alquilado;0
2900003253347.00;34;null;null;null;NACIONAL;Hipoteca;0
2900001018836.00;48;24458;4980;9804;NACIONAL;Hipoteca;0
2900006431113.00;70;17542;null;3240;NACIONAL;Propia;0
2900010876624.00;59;14266;null;900;NACIONAL;Propia;0
2900010998511.00;50;16800;7044;1680;NACIONAL;Hipoteca;0
2900001991900.00;37;29640;4476;9600;NACIONAL;Hipoteca;0
2900001596405.00;61;16800;4800;12;NACIONAL;Hipoteca;0
2900002249162.00;57;13248;null;null;NACIONAL;Hipoteca;0
2900000634666.00;66;10584;null;null;NACIONAL;Hipoteca;0
2900006500135.00;39;13200;3600;3720;EXTRANJERO;Hipoteca;0
2900002440662.00;70;18200;null;3600;NACIONAL;Familia;0
2900003408312.00;63;21600;null;null;NACIONAL;Hipoteca;0
2900007299451.00;61;18000;null;null;NACIONAL;Hipoteca;0
2900010934603.00;32;10140;null;600;NACIONAL;Familia;0
2900010419221.00;50;null;null;null;NACIONAL;Propia;0
2900007478319.00;57;null;null;null;NACIONAL;Familia;0
2900010862081.00;59;10320;null;2460;NACIONAL;Propia;0
2900003787977.00;47;43440;8280;12;NACIONAL;Hipoteca;0
2900010300130.00;62;9600;null;null;NACIONAL;Propia;0
2900010861719.00;37;21000;6960;3600;NACIONAL;Hipoteca;0
2900001481017.00;47;12264;132;1260;NACIONAL;Hipoteca;0
2900006995109.00;50;12642;null;4380;EXTRANJERO;Familia;0
2900001991589.00;38;15600;2352;4200;EXTRANJERO;Hipoteca;0
2900006365102.00;45;18886;6600;1212;NACIONAL;Hipoteca;0
2900002025544.00;47;null;null;null;NACIONAL;Hipoteca;0
2900010547906.00;49;29484;5004;3000;NACIONAL;Hipoteca;0
2900003091009.00;30;17844;3600;3840;EXTRANJERO;Alquilado;0
2900010862675.00;72;18536;null;3492;NACIONAL;Propia;0
2900001728685.00;47;null;null;null;NACIONAL;Propia;0
2900001321221.00;48;21336;3600;3600;NACIONAL;Hipoteca;0
2900006314321.00;41;20510;5640;3996;NACIONAL;Hipoteca;0
2900003818286.00;38;23508;5280;2280;NACIONAL;Hipoteca;0
2900000915597.00;32;null;null;null;NACIONAL;Propia;0
2900002966040.00;35;17292;null;null;NACIONAL;Familia;0
2900006533397.00;38;null;3240;null;NACIONAL;Hipoteca;0
2900003255452.00;63;16394;2400;3624;NACIONAL;Alquilado;0
2900010861985.00;41;13968;null;2400;EXTRANJERO;Propia;0
2900003857493.00;38;14652;3000;null;NACIONAL;Familia;0
2900010305668.00;48;17592;3312;1140;NACIONAL;Hipoteca;0
2900002950809.00;39;null;3180;1200;NACIONAL;Hipoteca;0
2900000618682.00;47;19176;null;null;NACIONAL;Familia;0
2900003747355.00;38;null;null;null;NACIONAL;Familia;0
2900006247531.00;38;25172;5280;2400;NACIONAL;Hipoteca;0
2900001134742.00;67;null;null;null;NACIONAL;Hipoteca;0
2900000961986.00;52;null;null;null;NACIONAL;Hipoteca;0
2900001818992.00;49;4824;null;12;NACIONAL;Familia;0
2900000771924.00;75;19110;5400;7344;NACIONAL;Propia;0
2900001460317.00;42;28868;8400;7200;EXTRANJERO;Alquilado;0
2900001059257.00;68;17100;null;null;NACIONAL;Hipoteca;0
2900000629788.00;53;null;null;null;NACIONAL;Familia;0
2900010934591.00;43;null;5100;7200;NACIONAL;Hipoteca;0
2900010935743.00;28;6564;null;null;NACIONAL;Familia;0
2900010935681.00;46;13944;null;5160;NACIONAL;Propia;0
2900010360312.00;32;null;6720;null;NACIONAL;Hipoteca;0
2900006766653.00;61;15036;1800;12;NACIONAL;Hipoteca;0
2900002996519.00;48;8414;null;1164;EXTRANJERO;Propia;0
2900002365290.00;40;28644;6300;3120;NACIONAL;Hipoteca;0
2900001211224.00;38;17340;8088;4800;NACIONAL;Hipoteca;0
2900010933653.00;71;47868;null;12000;NACIONAL;Propia;0
2900010932644.00;48;13200;5160;4200;NACIONAL;Hipoteca;0
2900002058747.00;63;9786;6540;12;NACIONAL;Hipoteca;0
2900010998265.00;38;22440;5160;null;NACIONAL;Hipoteca;0
2900003236676.00;53;17400;null;null;NACIONAL;Propia;0
2900001333025.00;39;null;null;null;NACIONAL;Familia;0
2900010582612.00;47;23112;null;2940;NACIONAL;Propia;0
2900002005212.00;41;16142;null;2412;NACIONAL;Familia;0
2900010307941.00;28;null;4200;null;NACIONAL;Alquilado;0
2900000779468.00;50;null;null;null;NACIONAL;Propia;0
2900010242456.00;45;17472;null;null;NACIONAL;Otra vivienda;0
2900002825067.00;49;null;null;6708;NACIONAL;Propia;0
2900000715189.00;68;10374;null;1200;NACIONAL;Propia;0
2900010998825.00;45;13440;null;12;NACIONAL;Propia;0
2900006356847.00;34;19356;null;12;NACIONAL;Propia;0
2900001952792.00;50;16800;null;null;EXTRANJERO;Hipoteca;0
2900010935655.00;58;29400;8760;3600;NACIONAL;Hipoteca;0
2900003368618.00;69;22920;2640;2400;NACIONAL;Propia;0
2900003022781.00;47;null;null;null;NACIONAL;Familia;0
2900002224843.00;72;7680;null;1536;NACIONAL;Hipoteca;0
2900007505006.00;42;null;null;null;NACIONAL;Hipoteca;0
2900007478319.00;57;null;null;null;NACIONAL;Familia;0
2900010683025.00;34;11280;3600;null;NACIONAL;Hipoteca;0
2900000795544.00;40;12000;null;1980;NACIONAL;Otra vivienda;0
2900006266204.00;38;null;null;null;NACIONAL;Familia;0
2900003781197.00;31;15722;null;12;NACIONAL;Familia;0
2900006777798.00;41;19200;3720;4200;NACIONAL;Hipoteca;0
2900000994243.00;63;21456;null;12;NACIONAL;Propia;0
2900002625826.00;50;null;null;null;NACIONAL;Hipoteca;0
2900006763308.00;42;null;null;16152;NACIONAL;Familia;0
2900003261170.00;66;16492;5628;2124;NACIONAL;Alquilado;0
2900001101508.00;64;42028;9000;5076;NACIONAL;Hipoteca;0
2900010462380.00;49;null;null;null;NACIONAL;Familia;0
2900010861937.00;46;24656;null;3216;NACIONAL;Propia;0
2900003301007.00;43;20398;6840;5172;NACIONAL;Alquilado;0
2900010863071.00;58;null;null;null;NACIONAL;Desconocido;0
2900010861948.00;37;32088;3360;5628;NACIONAL;Hipoteca;0
2900010863327.00;43;22800;3072;12;NACIONAL;Hipoteca;0
2900002967453.00;49;13224;null;null;NACIONAL;Familia;0
2900001727794.00;37;3636;4296;1548;NACIONAL;Hipoteca;0
2900010932763.00;43;21000;3600;null;NACIONAL;Hipoteca;0
2900010935377.00;50;66120;9600;23400;EXTRANJERO;Hipoteca;0
2900010308806.00;48;25200;7200;6000;NACIONAL;Alquilado;0
2900006335804.00;42;27790;null;null;NACIONAL;Propia;0
2900002691019.00;47;12456;7200;2400;NACIONAL;Hipoteca;0
2900010932719.00;31;15806;null;12;EXTRANJERO;Propia;0
2900002782088.00;76;14798;null;null;NACIONAL;Propia;0
2900010402143.00;40;15400;6960;360;EXTRANJERO;Alquilado;0
2900010899811.00;54;8196;4716;600;NACIONAL;Hipoteca;0
2900002351375.00;43;20972;6492;1980;NACIONAL;Hipoteca;0
2900010933795.00;67;29778;null;12;NACIONAL;Propia;0
2900007239721.00;44;20808;5940;1800;NACIONAL;Hipoteca;0
2900001865582.00;33;15302;2232;2820;NACIONAL;Hipoteca;0
2900010934250.00;34;7668;null;12;NACIONAL;Propia;0
2900003289037.00;43;31536;null;6900;NACIONAL;Propia;0
2900007050884.00;45;11520;2520;12;NACIONAL;Alquilado;0
2900001902004.00;53;57694;10800;10800;NACIONAL;Hipoteca;0
2900010301985.00;57;63000;10140;1800;EXTRANJERO;Hipoteca;0
2900003175809.00;56;23036;null;7200;NACIONAL;Propia;0
2900002353490.00;67;20244;6000;4200;NACIONAL;Hipoteca;0
2900007082112.00;58;14400;null;null;NACIONAL;Hipoteca;0
2900003184058.00;63;10066;null;12;NACIONAL;Propia;0
2900006725825.00;55;16800;6072;4800;NACIONAL;Hipoteca;0
2900010998236.00;45;22974;null;12;NACIONAL;Propia;0
2900001402078.00;42;null;null;null;EXTRANJERO;Hipoteca;0
2900010683025.00;34;null;3600;null;NACIONAL;Familia;0
2900010998485.00;39;31200;null;4584;NACIONAL;Propia;0
2900010998125.00;47;12;null;2844;NACIONAL;Propia;0
2900010549810.00;42;13608;null;11988;EXTRANJERO;Familia;0
2900003793307.00;33;21742;6240;3600;NACIONAL;Alquilado;0
2900007216319.00;74;null;null;null;NACIONAL;Propia;0
2900002086158.00;65;null;null;3240;NACIONAL;Hipoteca;0
2900007500929.00;56;13608;null;4056;NACIONAL;Propia;0
2900006309202.00;58;null;null;1080;NACIONAL;Propia;0
2900000896549.00;56;10092;null;null;NACIONAL;Propia;0
2900001591936.00;55;18200;null;null;NACIONAL;Propia;0
2900010921384.00;49;10800;null;3516;NACIONAL;Propia;0
2900000691257.00;66;34680;null;null;NACIONAL;Hipoteca;0
2900010935470.00;24;16200;4200;null;EXTRANJERO;Alquilado;0
2900003270074.00;72;9800;null;null;NACIONAL;Propia;0
2900007301822.00;37;null;2628;null;NACIONAL;Hipoteca;0
2900001961029.00;38;null;2760;null;NACIONAL;Hipoteca;0
2900010419221.00;50;null;null;null;NACIONAL;Propia;0
2900010683025.00;34;11280;3600;null;NACIONAL;Hipoteca;0
2900001891711.00;40;null;null;null;NACIONAL;Familia;0
2900002529440.00;54;null;4500;7200;NACIONAL;Alquilado;0
2900002846342.00;78;null;null;null;NACIONAL;Propia;0
2900002732267.00;58;19824;9480;19812;NACIONAL;Hipoteca;0
2900001948144.00;53;8412;3600;4800;NACIONAL;Alquilado;0
2900002493640.00;52;28588;3600;2400;NACIONAL;Hipoteca;0
2900010858672.00;47;21826;3336;12;NACIONAL;Hipoteca;0
2900000716417.00;36;16226;null;null;NACIONAL;Alquilado;0
2900002206679.00;38;14088;null;null;EXTRANJERO;Alquilado;0
2900002478930.00;40;25270;6600;12;NACIONAL;Alquilado;0
2900007275898.00;46;16912;null;null;NACIONAL;Alquilado;0
2900002966040.00;35;17292;null;null;NACIONAL;Familia;0
2900010862035.00;69;21588;3120;1200;NACIONAL;Alquilado;0
2900001507768.00;39;11304;10800;11304;NACIONAL;Hipoteca;0
2900001675064.00;65;9516;null;null;NACIONAL;Hipoteca;0
2900002842526.00;67;24024;3600;4380;NACIONAL;Alquilado;0
2900003177816.00;62;21434;3660;5532;NACIONAL;Hipoteca;0
2900007483637.00;31;19628;null;420;NACIONAL;Familia;0
2900001071027.00;47;17500;null;2100;NACIONAL;Familia;0
2900000877284.00;49;17598;null;12;NACIONAL;Familia;0
2900002099352.00;55;14400;null;null;NACIONAL;Propia;0
2900001446138.00;37;18214;6912;8112;NACIONAL;Hipoteca;0
2900001734851.00;45;11648;null;null;EXTRANJERO;Hipoteca;0
2900010883729.00;64;14000;null;12;NACIONAL;Propia;0
2900010484397.00;43;11952;null;1620;NACIONAL;Familia;0
2900003726351.00;44;9036;null;3000;NACIONAL;Familia;0
2900010648497.00;35;12432;3564;null;NACIONAL;Hipoteca;0
2900010935049.00;57;35000;8160;12;NACIONAL;Hipoteca;0
2900010934026.00;45;18000;6300;null;NACIONAL;Alquilado;0
2900001712093.00;69;11292;null;null;NACIONAL;Propia;0
2900000638455.00;65;17276;null;12;NACIONAL;Propia;0
2900010935764.00;37;26600;4320;3600;NACIONAL;Hipoteca;0
2900010934744.00;36;23310;4800;1020;NACIONAL;Hipoteca;0
2900000622843.00;45;null;4800;null;EXTRANJERO;Alquilado;0
2900002025347.00;49;6408;null;null;NACIONAL;Propia;0
2900003209374.00;41;11796;null;840;NACIONAL;Propia;0
2900001363443.00;50;26256;null;null;NACIONAL;Hipoteca;0
2900002929923.00;55;null;null;null;NACIONAL;Propia;0
2900002715555.00;46;16422;null;null;NACIONAL;Propia;0
2900002534892.00;45;null;null;null;NACIONAL;Hipoteca;0
2900007486797.00;57;null;null;null;EXTRANJERO;Familia;0
2900010998690.00;63;39600;null;null;NACIONAL;Propia;0
2900010998640.00;47;25270;6780;8460;NACIONAL;Hipoteca;0
2900010863160.00;46;16380;4500;1020;NACIONAL;Alquilado;0
2900010395639.00;46;13080;6120;12;NACIONAL;Hipoteca;0
2900010864004.00;40;null;null;null;EXTRANJERO;Alquilado;0
2900010933394.00;47;18000;9840;4200;NACIONAL;Alquilado;0
2900001307962.00;75;27312;null;null;NACIONAL;Alquilado;0
2900010998161.00;37;24010;null;null;NACIONAL;Propia;0
2900010549265.00;49;null;null;null;NACIONAL;Familia;0
2900001867544.00;40;18200;null;null;NACIONAL;Otra vivienda;0
2900010998161.00;37;24010;null;null;NACIONAL;Propia;0
2900001428796.00;66;null;5664;1500;NACIONAL;Hipoteca;0
2900002527992.00;61;13380;null;null;NACIONAL;Hipoteca;0
2900010541582.00;67;11088;null;2400;NACIONAL;Propia;0
2900010862085.00;55;31668;4800;7200;NACIONAL;Hipoteca;0
2900006594984.00;42;16282;4200;252;NACIONAL;Hipoteca;0
2900010368017.00;40;15708;null;null;EXTRANJERO;Alquilado;0
2900003449112.00;53;19796;null;6120;NACIONAL;Familia;0
2900000959197.00;41;16478;4200;12;NACIONAL;Alquilado;0
2900002368515.00;35;22644;7200;12;EXTRANJERO;Alquilado;0
2900007215660.00;43;14252;2640;12;EXTRANJERO;Alquilado;0
2900006377217.00;49;17178;6672;null;NACIONAL;Hipoteca;0
2900001218227.00;63;13216;null;1080;EXTRANJERO;Propia;0
2900010425861.00;29;14316;5400;4800;EXTRANJERO;Alquilado;0
2900001199316.00;51;30702;null;9600;NACIONAL;Propia;0
2900001428639.00;33;15120;6600;1200;NACIONAL;Alquilado;0
2900003849653.00;46;16668;null;null;NACIONAL;Hipoteca;0
2900001355758.00;28;25802;null;16668;NACIONAL;Familia;0
2900010607752.00;74;17500;null;null;NACIONAL;Alquilado;0
2900001860668.00;62;26614;6600;8568;NACIONAL;Alquilado;0
2900001870622.00;38;13224;5520;600;EXTRANJERO;Alquilado;0
2900001037105.00;73;21000;null;4236;NACIONAL;Propia;0
2900002903658.00;57;58016;null;null;NACIONAL;Hipoteca;0
2900002101454.00;43;10872;4992;2400;NACIONAL;Hipoteca;0
2900010934787.00;40;22050;null;2400;NACIONAL;Alojado de forma gratuita;0
2900000817531.00;47;18550;5400;3840;EXTRANJERO;Alquilado;0
2900010933597.00;44;14820;1800;1416;EXTRANJERO;Hipoteca;0
2900002420491.00;61;12792;null;null;NACIONAL;Propia;0
2900007512842.00;39;null;null;null;NACIONAL;Hipoteca;0
2900006746352.00;38;15000;null;3000;NACIONAL;Propia;0
2900001704193.00;59;18844;5520;3000;NACIONAL;Hipoteca;0
2900000999752.00;57;15600;null;null;NACIONAL;Hipoteca;0
2900003202658.00;64;15732;24;4224;NACIONAL;Propia;0
2900007175933.00;49;13080;null;12;NACIONAL;Propia;0
2900006746352.00;38;15000;null;3000;NACIONAL;Propia;0
2900002293398.00;59;32732;14400;5520;NACIONAL;Hipoteca;0
2900010307941.00;28;null;4200;null;NACIONAL;Alquilado;0
2900010998644.00;70;29960;null;10764;NACIONAL;Propia;0
2900006433680.00;36;21156;null;4860;EXTRANJERO;Familia;0
2900006761003.00;53;20400;null;2520;NACIONAL;Propia;0
2900010201821.00;33;14400;3924;2016;NACIONAL;Hipoteca;0
2900006434488.00;32;19212;2400;2004;NACIONAL;Familia;0
2900010582612.00;47;23112;null;2940;NACIONAL;Propia;0
2900010854677.00;44;26950;3036;3600;NACIONAL;Hipoteca;0
2900007275897.00;36;11748;null;null;NACIONAL;Alquilado;0
2900002019179.00;64;20776;null;5880;NACIONAL;Propia;0
2900007070877.00;57;14400;null;null;NACIONAL;Alquilado;0
2900010683025.00;34;11280;3600;null;NACIONAL;Hipoteca;0
2900002618458.00;50;17532;null;null;NACIONAL;Alojado de forma gratuita;0
2900000722618.00;53;null;null;null;NACIONAL;Alquilado;0
2900002113484.00;50;23520;5604;12;NACIONAL;Hipoteca;0
2900003858480.00;44;14400;null;null;EXTRANJERO;Alquilado;0
2900010862484.00;57;18536;3600;3000;NACIONAL;Hipoteca;0
2900006576965.00;38;19548;4800;3900;NACIONAL;Hipoteca;0
2900006535271.00;46;28336;5904;12000;NACIONAL;Hipoteca;0
2900001380675.00;28;15060;2100;null;NACIONAL;Hipoteca;0
2900003091009.00;30;17844;3600;3840;EXTRANJERO;Alquilado;0
2900003061896.00;46;13344;8400;3612;NACIONAL;Alquilado;0
2900006336121.00;33;39600;null;null;NACIONAL;Familia;0
2900006287694.00;55;28800;null;null;NACIONAL;Hipoteca;0
2900003402367.00;46;32564;null;4560;NACIONAL;Propia;0
2900001728685.00;47;null;null;null;NACIONAL;Propia;0
2900002024730.00;49;20760;null;null;NACIONAL;Familia;0
2900007007155.00;41;null;null;null;NACIONAL;Propia;0
2900003745663.00;50;20300;null;8400;NACIONAL;Familia;0
2900006553375.00;31;12552;null;null;EXTRANJERO;Alquilado;0
2900001540205.00;59;17010;null;7800;NACIONAL;Propia;0
2900001655964.00;69;14000;null;null;NACIONAL;Propia;0
2900010935712.00;45;21000;null;null;NACIONAL;Familia;0
2900006331465.00;63;16926;6000;792;NACIONAL;Hipoteca;0
2900002877034.00;40;null;null;null;NACIONAL;Familia;0
2900003078207.00;49;19110;7200;4968;NACIONAL;Alquilado;0
2900002980702.00;51;19032;3600;8988;NACIONAL;Alquilado;0
2900001929921.00;74;19936;null;12;NACIONAL;Propia;0
2900001773636.00;50;27108;null;7200;NACIONAL;Otra vivienda;0
2900006577979.00;30;null;null;null;EXTRANJERO;Familia;0
2900002036749.00;62;22400;null;null;NACIONAL;Propia;0
2900006271292.00;42;14916;null;4872;NACIONAL;Propia;0
2900007129345.00;42;15610;null;3276;NACIONAL;Propia;0
2900006359308.00;29;11648;null;null;NACIONAL;Propia;0
2900007083832.00;41;26600;840;4800;NACIONAL;Hipoteca;0
2900002021999.00;57;52572;null;4200;NACIONAL;Propia;0
2900001858891.00;40;12600;null;null;NACIONAL;Propia;0
2900007207166.00;41;null;null;null;NACIONAL;Familia;0
2900002191484.00;73;null;null;null;NACIONAL;Alquilado;0
2900006751787.00;41;16660;6000;3600;EXTRANJERO;Hipoteca;0
2900001791869.00;38;19488;6000;12;EXTRANJERO;Alquilado;0
2900010600388.00;45;16584;null;9480;NACIONAL;Familia;0
2900003150379.00;45;19932;5400;3000;NACIONAL;Hipoteca;0
2900010935295.00;36;21600;null;2400;NACIONAL;Familia;0
2900001113138.00;69;21700;null;3108;NACIONAL;Propia;0
2900001452751.00;41;null;null;null;NACIONAL;Familia;0
2900003098272.00;37;12362;3840;11904;NACIONAL;Alquilado;0
2900003796714.00;62;null;3000;null;NACIONAL;Alquilado;0
2900010350341.00;53;12;null;12;NACIONAL;Familia;0
2900002314705.00;41;19692;3252;8376;NACIONAL;Hipoteca;0
2900006456023.00;45;15316;null;10200;NACIONAL;Otra vivienda;0
2900000847305.00;31;13200;null;2160;NACIONAL;Familia;0
2900006824104.00;48;13212;null;12;NACIONAL;Propia;0
2900003147616.00;68;17710;6432;10020;NACIONAL;Alquilado;0
2900010673348.00;72;15862;null;4200;NACIONAL;Propia;0
2900001073988.00;26;null;null;null;NACIONAL;Alquilado;0
2900006762525.00;28;23982;null;4800;NACIONAL;Familia;0
2900001570320.00;37;14700;null;null;NACIONAL;Familia;0
2900002493640.00;52;24332;3600;2400;NACIONAL;Hipoteca;0
2900003301109.00;47;null;null;null;EXTRANJERO;Familia;0
2900002874142.00;32;17906;null;12;NACIONAL;Otra vivienda;0
2900007446850.00;39;24000;null;12;EXTRANJERO;Familia;0
2900006302638.00;52;22120;3600;15600;NACIONAL;Hipoteca;0
2900002265982.00;68;25242;null;2400;NACIONAL;Propia;0
2900010367060.00;38;15610;1620;2400;NACIONAL;Hipoteca;0
2900007062328.00;39;null;null;null;NACIONAL;Familia;0
2900006820341.00;27;12444;null;12;NACIONAL;Propia;0
2900001728685.00;47;null;null;null;NACIONAL;Propia;0
2900003223014.00;60;21616;null;8976;NACIONAL;Propia;0
2900002367215.00;41;22776;8028;12;NACIONAL;Hipoteca;0
2900006482083.00;42;null;3180;null;NACIONAL;Hipoteca;0
2900010644033.00;35;19368;null;null;NACIONAL;Familia;0
2900003011353.00;45;23422;1920;6120;NACIONAL;Hipoteca;0
2900002205327.00;61;25214;null;5160;NACIONAL;Propia;0
2900007170522.00;35;21700;3600;4200;NACIONAL;Alquilado;0
2900001359428.00;63;null;null;2040;EXTRANJERO;Propia;0
2900010458927.00;36;18746;4200;null;NACIONAL;Alquilado;0
2900010935047.00;54;13608;null;6240;NACIONAL;Empresa;0
2900010458279.00;53;12;4440;2400;NACIONAL;Hipoteca;0
2900010934919.00;36;null;null;null;EXTRANJERO;Desconocido;0
2900001157792.00;50;null;3936;5364;EXTRANJERO;Hipoteca;0
2900010925728.00;32;null;null;14400;NACIONAL;Otra vivienda;0
2900001220307.00;44;13104;7512;4788;NACIONAL;Hipoteca;0
2900010245314.00;35;25410;null;3000;EXTRANJERO;Propia;0
2900002588119.00;61;24234;null;null;NACIONAL;Familia;0
2900010933612.00;42;23254;6060;3240;NACIONAL;Hipoteca;0
2900002003814.00;37;20804;null;5748;NACIONAL;Familia;0
2900001493410.00;50;27832;null;null;NACIONAL;Hipoteca;0
2900006706282.00;51;16044;5760;null;NACIONAL;Hipoteca;0
2900010360312.00;32;null;6720;null;NACIONAL;Hipoteca;0
2900001924811.00;46;26670;4764;7128;NACIONAL;Hipoteca;0
2900003857930.00;72;null;null;null;NACIONAL;Propia;0
2900001859559.00;46;11620;null;2064;NACIONAL;Familia;0
2900003750382.00;40;26742;3600;1200;EXTRANJERO;Propia;0
2900010934052.00;75;29960;null;4740;NACIONAL;Propia;0
2900001528307.00;42;12636;null;3000;NACIONAL;Familia;0
2900007143716.00;44;13812;null;17400;NACIONAL;Familia;0
2900002585966.00;61;14028;3108;12336;NACIONAL;Hipoteca;0
2900003795233.00;55;14462;null;7068;NACIONAL;Propia;0
2900000642306.00;52;41972;7752;3600;NACIONAL;Hipoteca;0
2900002734639.00;37;18276;3000;2400;EXTRANJERO;Alquilado;0
2900003190221.00;41;42616;9600;252;NACIONAL;Hipoteca;0
2900010995160.00;35;21406;null;3432;NACIONAL;Familia;0
2900000770358.00;39;15218;4200;12;NACIONAL;Hipoteca;0
2900002764635.00;46;8892;null;null;EXTRANJERO;Familia;0
2900002180739.00;48;null;null;null;NACIONAL;Alquilado;0
2900003796714.00;62;null;3000;null;NACIONAL;Alquilado;0
2900010972470.00;37;24192;3600;1200;NACIONAL;Alquilado;0
2900006997634.00;45;null;7800;12;NACIONAL;Hipoteca;0
2900010998690.00;63;39600;null;null;NACIONAL;Propia;0
2900007452860.00;47;14916;15480;6000;EXTRANJERO;Hipoteca;0
2900001991384.00;39;14784;null;null;NACIONAL;Hipoteca;0
2900003210631.00;40;10080;4800;3600;NACIONAL;Propia;0
2900001523655.00;31;15134;null;3600;NACIONAL;Familia;0
2900003340811.00;49;26838;null;6936;NACIONAL;Familia;0
2900001301020.00;35;6432;null;12;NACIONAL;Propia;0
2900010730395.00;42;17010;7524;2712;NACIONAL;Hipoteca;0
2900003726584.00;60;8400;null;null;NACIONAL;Propia;0
2900001212763.00;34;15996;1548;7680;NACIONAL;Hipoteca;0
2900003849785.00;47;11690;2160;null;EXTRANJERO;Alquilado;0
2900001717670.00;45;20388;null;null;NACIONAL;Otra vivienda;0
2900010848314.00;34;13800;5040;12;NACIONAL;Hipoteca;0
2900010863974.00;43;12;9000;12;NACIONAL;Hipoteca;0
2900010862477.00;50;24850;null;1440;NACIONAL;Otra vivienda;0
2900010862897.00;58;null;null;null;EXTRANJERO;Desconocido;0
2900007114125.00;41;null;8340;1200;NACIONAL;Hipoteca;0
2900001205546.00;56;24220;4800;3600;NACIONAL;Alquilado;0
2900002441370.00;39;12;null;12;NACIONAL;Familia;0
2900006831394.00;57;13380;null;1380;EXTRANJERO;Empresa;0
2900001919075.00;36;12072;5400;8400;NACIONAL;Hipoteca;0
2900002476505.00;42;16996;6720;6120;EXTRANJERO;Alquilado;0
2900010848841.00;42;17292;null;3240;EXTRANJERO;Desconocido;0
2900007025418.00;35;12240;144;12;EXTRANJERO;Alquilado;0
2900000862139.00;53;6420;4176;12;EXTRANJERO;Hipoteca;0
2900002733008.00;50;18588;4800;2400;EXTRANJERO;Alquilado;0
2900000891629.00;46;18000;null;null;NACIONAL;Hipoteca;0
2900003178058.00;35;30000;2400;6000;NACIONAL;Hipoteca;0
2900001817388.00;53;21600;null;12;NACIONAL;Propia;0
2900010912095.00;58;17598;null;1080;NACIONAL;Familia;0
2900010935859.00;61;22624;null;660;NACIONAL;Familia;0
2900003732508.00;55;30016;4896;8280;NACIONAL;Hipoteca;0
2900000744719.00;31;4656;null;1296;NACIONAL;Alquilado;0
2900010933670.00;41;6540;6600;7800;EXTRANJERO;Desconocido;0
2900002244467.00;40;17604;4200;1200;NACIONAL;Alquilado;0
2900000674684.00;52;33152;6600;3000;NACIONAL;Hipoteca;0
2900010886096.00;43;16226;6012;1200;NACIONAL;Hipoteca;0
2900002703898.00;40;14484;null;1620;NACIONAL;Familia;0
2900001922655.00;47;null;null;null;NACIONAL;Alquilado;0
2900001850645.00;41;15432;null;12;NACIONAL;Propia;0
2900010707379.00;35;12000;null;null;NACIONAL;Propia;0
2900003769451.00;37;19092;null;null;EXTRANJERO;Familia;0
2900001875098.00;45;19460;null;7200;NACIONAL;Familia;0
2900002732875.00;55;null;null;null;NACIONAL;Hipoteca;0
2900001225275.00;65;9780;null;null;NACIONAL;Hipoteca;0
2900010934737.00;57;14904;null;12;NACIONAL;Propia;0
2900001299145.00;40;null;6000;null;NACIONAL;Familia;0
2900006748014.00;40;14820;1800;9132;EXTRANJERO;Alquilado;0
2900003090900.00;42;17052;null;6240;NACIONAL;Propia;0
2900001691838.00;56;10080;null;3480;NACIONAL;Propia;0
2900000631105.00;68;23800;null;null;NACIONAL;Propia;0
2900003075142.00;41;17616;null;2400;NACIONAL;Propia;0
2900003072340.00;69;30058;4800;4200;NACIONAL;Alquilado;0
2900000732169.00;66;4800;null;null;NACIONAL;Hipoteca;0
2900003767469.00;43;14910;10140;9600;NACIONAL;Hipoteca;0
2900002976705.00;46;10122;3240;1104;EXTRANJERO;Alquilado;0
2900010834472.00;35;13200;null;null;NACIONAL;Alquilado;0
2900000917862.00;70;21000;null;null;NACIONAL;Propia;0
2900010862861.00;54;14400;3480;12;NACIONAL;Hipoteca;0
2900010862989.00;42;13800;3600;1920;EXTRANJERO;Hipoteca;0
2900000849826.00;54;16016;3744;null;NACIONAL;Hipoteca;0
2900010933048.00;39;15360;3840;720;NACIONAL;Alquilado;0
2900010243977.00;49;6160;null;2004;NACIONAL;Desconocido;0
2900001989877.00;42;6492;null;null;NACIONAL;Hipoteca;0
2900003270074.00;72;9800;null;null;NACIONAL;Propia;0
2900003236566.00;52;19320;null;null;NACIONAL;Hipoteca;0
2900010863359.00;32;14000;1968;1968;EXTRANJERO;Hipoteca;0
2900002264929.00;59;null;null;2808;NACIONAL;Propia;0
2900002358591.00;38;22428;8160;5124;NACIONAL;Hipoteca;0
2900010862169.00;30;15600;2928;null;NACIONAL;Hipoteca;0
2900010330489.00;67;12000;1920;2400;EXTRANJERO;Hipoteca;0
2900010671859.00;57;11704;null;4620;NACIONAL;Propia;0
2900007457255.00;50;27580;4320;3600;NACIONAL;Hipoteca;0
2900003818502.00;36;16800;5400;1080;NACIONAL;Alquilado;0
2900001868692.00;35;16282;null;12;NACIONAL;Familia;0
2900010863456.00;54;19488;null;5136;EXTRANJERO;Propia;0
2900001549152.00;53;16996;null;1248;EXTRANJERO;Familia;0
2900010364079.00;46;27600;6360;2760;EXTRANJERO;Alquilado;0
2900007339460.00;29;12950;6000;4320;NACIONAL;Alquilado;0
2900006578715.00;41;44646;11400;12000;NACIONAL;Hipoteca;0
2900002622199.00;51;31262;null;9600;NACIONAL;Familia;0
2900007014675.00;58;49416;6000;13200;NACIONAL;Alquilado;0
2900002707205.00;34;21182;null;3504;NACIONAL;Familia;0
2900006480425.00;42;19600;null;1800;NACIONAL;Familia;0
2900010935819.00;47;14400;4728;2928;NACIONAL;Hipoteca;0
2900010935627.00;49;39384;17040;5100;NACIONAL;Alquilado;0
2900002155430.00;59;null;12000;null;NACIONAL;Propia;0
2900003274614.00;40;null;null;null;NACIONAL;Alquilado;0
2900003404010.00;38;18984;5520;2400;EXTRANJERO;Hipoteca;0
2900001398015.00;50;29624;5520;4800;NACIONAL;Hipoteca;0
2900006375241.00;36;12576;864;12;NACIONAL;Alquilado;0
2900010935703.00;37;42000;null;null;NACIONAL;Propia;0
2900001577459.00;45;26436;null;16800;NACIONAL;Familia;0
2900007411384.00;42;13800;null;4560;NACIONAL;Familia;0
2900010932718.00;43;25164;3060;2880;NACIONAL;Hipoteca;0
2900001444350.00;38;13272;4464;120;NACIONAL;Familia;0
2900001464829.00;41;18900;4860;2448;EXTRANJERO;Hipoteca;0
2900010462597.00;28;10560;4200;1080;NACIONAL;Alquilado;0
2900001109733.00;61;26600;5256;4560;NACIONAL;Hipoteca;0
2900007155519.00;52;11522;null;null;NACIONAL;Propia;0
2900006596763.00;54;14084;null;12;NACIONAL;Familia;0
2900006807095.00;60;24038;null;null;NACIONAL;Familia;0
2900006755820.00;46;12362;4368;12;NACIONAL;Hipoteca;0
2900002616531.00;43;15252;3276;12;NACIONAL;Hipoteca;0
2900010672261.00;31;null;null;null;NACIONAL;Familia;0
2900000868746.00;48;17880;null;null;NACIONAL;Familia;0
2900001764548.00;51;17736;8004;null;NACIONAL;Hipoteca;0
2900010885319.00;41;16100;null;null;NACIONAL;Familia;0
2900010998859.00;47;15932;3480;9600;NACIONAL;Hipoteca;0
2900010331700.00;42;7584;null;12;EXTRANJERO;Familia;0
2900007209590.00;50;25200;4800;2400;NACIONAL;Hipoteca;0
2900002360494.00;46;11652;null;12;NACIONAL;Familia;0
2900010998530.00;43;15764;4080;3480;EXTRANJERO;Hipoteca;0
2900003156950.00;28;16080;null;null;EXTRANJERO;Familia;0
2900001751994.00;53;19838;null;2748;NACIONAL;Familia;0
2900002208599.00;48;27600;null;null;NACIONAL;Familia;0
2900002645676.00;44;13244;null;2880;NACIONAL;Familia;0
2900010863359.00;32;14000;2700;null;EXTRANJERO;Hipoteca;0
2900003255452.00;63;16394;2400;3624;NACIONAL;Alquilado;0
2900001800003.00;65;10234;null;1512;NACIONAL;Propia;0
2900002789447.00;67;null;null;null;NACIONAL;Propia;0
2900002181303.00;64;null;null;null;NACIONAL;Alquilado;0
2900010934179.00;34;17400;6000;1824;NACIONAL;Alquilado;0
2900002904558.00;46;24444;null;null;NACIONAL;Familia;0
2900001934833.00;35;null;null;null;NACIONAL;Familia;0
2900001003993.00;52;16392;11400;2040;NACIONAL;Alquilado;0
2900006544094.00;55;18074;null;null;NACIONAL;Familia;0
2900000828080.00;37;null;null;null;NACIONAL;Otra vivienda;0
2900001286000.00;48;null;null;null;NACIONAL;Hipoteca;0
2900001934862.00;36;31808;5112;6000;NACIONAL;Hipoteca;0
2900007339460.00;29;12950;6000;732;NACIONAL;Alquilado;0
2900010863430.00;31;15000;null;null;NACIONAL;Familia;0
2900001638297.00;40;21360;3504;8400;NACIONAL;Hipoteca;0
2900010225334.00;62;10850;4200;null;NACIONAL;Hipoteca;0
2900000862139.00;53;6420;4176;12;EXTRANJERO;Hipoteca;0
2900010863754.00;61;16800;3600;4884;NACIONAL;Alquilado;0
2900007014990.00;48;24108;null;12900;EXTRANJERO;Familia;0
2900002204770.00;60;32396;null;2400;NACIONAL;Propia;0
2900010863945.00;45;15600;4560;null;NACIONAL;Hipoteca;0
2900010861879.00;45;25644;3444;6000;NACIONAL;Hipoteca;0
2900007395617.00;69;null;null;null;NACIONAL;Propia;0
2900010381039.00;61;null;null;null;NACIONAL;Propia;0
2900001143199.00;49;18048;null;1560;NACIONAL;Propia;0
2900010863781.00;53;19600;null;840;NACIONAL;Propia;0
2900002749242.00;50;21420;4800;12;NACIONAL;Hipoteca;0
2900002597763.00;77;8940;null;null;NACIONAL;Propia;0
2900002410570.00;46;null;null;null;NACIONAL;Familia;0
2900007046387.00;33;16800;null;null;NACIONAL;Propia;0
2900010863558.00;68;20216;6480;1800;NACIONAL;Hipoteca;0
2900010664946.00;43;12000;null;null;EXTRANJERO;Hipoteca;0
2900010460328.00;36;15168;3600;null;NACIONAL;Alquilado;0
2900001783457.00;42;11868;null;null;NACIONAL;Hipoteca;0
2900010859241.00;47;11830;null;2088;NACIONAL;Familia;0
2900006629461.00;46;13622;null;3828;NACIONAL;Familia;0
2900001844034.00;53;11016;4800;null;EXTRANJERO;Alquilado;0
2900002467254.00;48;14472;null;null;NACIONAL;Propia;0
2900007118762.00;44;22344;3600;3600;NACIONAL;Alquilado;0
2900001840469.00;54;25256;8004;12;NACIONAL;Hipoteca;0
2900001866455.00;51;12698;null;2544;NACIONAL;Familia;0
2900006646637.00;69;14748;null;1680;NACIONAL;Propia;0
2900007026290.00;58;12600;null;2136;EXTRANJERO;Empresa;0
2900001432526.00;36;32774;12000;3600;NACIONAL;Hipoteca;0
2900010934076.00;65;20622;9600;9012;NACIONAL;Desconocido;0
2900001845424.00;58;16632;8568;5328;NACIONAL;Hipoteca;0
2900001781119.00;60;12796;null;3828;NACIONAL;Propia;0
2900002107971.00;72;9674;null;1080;NACIONAL;Propia;0
2900001775222.00;34;5880;null;2400;NACIONAL;Familia;0
2900006480038.00;40;19068;11400;3012;NACIONAL;Alquilado;0
2900010935798.00;59;13548;null;12;NACIONAL;Propia;0
2900010933844.00;36;13800;8160;1344;EXTRANJERO;Alquilado;0
2900001969599.00;50;38052;4200;3816;NACIONAL;Hipoteca;0
2900010935334.00;59;30000;6600;7200;EXTRANJERO;Alquilado;0
2900006540391.00;36;12804;null;null;NACIONAL;Propia;0
2900010470836.00;43;19250;7680;2880;NACIONAL;Alquilado;0
2900003364209.00;43;17736;4104;1152;NACIONAL;Alquilado;1
2900010683025.00;34;null;3600;null;NACIONAL;Familia;1
2900001301020.00;35;6444;null;2700;NACIONAL;Propia;0
2900000665466.00;45;null;null;null;NACIONAL;Hipoteca;1
2900006423349.00;30;11284;3900;null;NACIONAL;Alquilado;1
2900006262379.00;75;null;6360;null;NACIONAL;Hipoteca;1
2900000767692.00;36;11880;null;null;NACIONAL;Familia;1
2900002283865.00;34;20076;null;null;NACIONAL;Familia;1
2900010289850.00;36;15360;null;null;NACIONAL;Familia;0
2900007045243.00;50;35040;6240;7200;NACIONAL;Hipoteca;0
2900001036202.00;38;27048;null;12;NACIONAL;Familia;1
2900010998850.00;41;14560;3840;12;NACIONAL;Hipoteca;0
2900003315348.00;39;12000;6684;null;NACIONAL;Alquilado;0
2900010998384.00;40;30828;8256;12;NACIONAL;Hipoteca;0
2900000619384.00;39;18000;2880;null;NACIONAL;Hipoteca;1
2900001688899.00;36;8628;null;2220;NACIONAL;Familia;1
2900007132701.00;26;12264;null;null;NACIONAL;Familia;0
2900006363468.00;75;7882;null;8400;NACIONAL;Propia;1
2900007014086.00;41;19200;5616;null;NACIONAL;Hipoteca;1
2900007014086.00;41;19200;5616;null;NACIONAL;Hipoteca;1
2900006680736.00;39;null;null;null;NACIONAL;Familia;1
2900001751994.00;53;null;null;2748;NACIONAL;Familia;0
2900010862390.00;68;59220;10800;14136;NACIONAL;Alquilado;1
2900002983425.00;41;null;null;null;NACIONAL;Hipoteca;0
2900010863118.00;63;18000;3720;1296;EXTRANJERO;Hipoteca;1
2900000659470.00;52;42408;13596;7200;NACIONAL;Hipoteca;1
2900010862191.00;45;22666;7308;11400;EXTRANJERO;Hipoteca;1
2900001575828.00;60;28956;6912;2808;NACIONAL;Hipoteca;0
2900001481017.00;47;12264;132;1260;NACIONAL;Hipoteca;0
2900003220478.00;47;6900;null;600;NACIONAL;Familia;0
2900003446215.00;32;27804;168;14124;NACIONAL;Hipoteca;1
2900002980286.00;42;18858;8580;1308;NACIONAL;Hipoteca;1
2900003331200.00;54;25320;null;null;NACIONAL;Familia;0
2900007062328.00;39;null;null;null;NACIONAL;Familia;1
2900000692284.00;53;7200;2400;12;NACIONAL;Hipoteca;1
2900006482248.00;58;null;2400;null;EXTRANJERO;Familia;1
2900006817545.00;37;17920;null;null;NACIONAL;Alquilado;1
2900001464829.00;41;16824;null;null;EXTRANJERO;Hipoteca;1
2900001635835.00;50;11544;3000;1380;NACIONAL;Hipoteca;1
2900000777026.00;53;null;null;3372;NACIONAL;Propia;1
2900006431113.00;70;17542;null;3240;NACIONAL;Propia;1
2900001054270.00;70;15302;null;8400;NACIONAL;Propia;0
2900006580424.00;59;10368;null;null;EXTRANJERO;Propia;1
2900006580424.00;59;10860;null;4920;EXTRANJERO;Propia;1
2900007241401.00;53;null;null;null;NACIONAL;Alquilado;0
2900006579123.00;54;16002;null;2880;NACIONAL;Propia;1
2900010783522.00;46;null;null;null;NACIONAL;Propia;0
2900001859817.00;36;14916;3000;12;NACIONAL;Alquilado;0
2900002052062.00;46;null;null;null;EXTRANJERO;Familia;1
2900003270074.00;72;9800;null;null;NACIONAL;Propia;0
2900001278620.00;73;35532;null;null;NACIONAL;Propia;1
2900010933374.00;53;21600;5112;12;NACIONAL;Hipoteca;0
2900010926461.00;49;17400;4200;null;NACIONAL;Hipoteca;1
2900010932882.00;55;14496;4800;5040;NACIONAL;Alquilado;0
2900002674948.00;55;27600;null;null;NACIONAL;Propia;1
2900006309202.00;58;null;null;1080;NACIONAL;Propia;1
2900006521048.00;53;36000;null;null;NACIONAL;Familia;1
2900001531398.00;32;null;null;null;NACIONAL;Alojado de forma gratuita;0
2900001138502.00;33;5880;null;12;NACIONAL;Propia;0
2900010933361.00;62;24696;null;5232;NACIONAL;Familia;1
2900010933917.00;44;37100;10800;12;NACIONAL;Hipoteca;0
2900010934400.00;50;61600;null;7200;NACIONAL;Familia;0
2900010932678.00;50;16080;4200;null;EXTRANJERO;Hipoteca;1
2900010908866.00;44;7294;4620;9528;NACIONAL;Desconocido;1
2900006462299.00;45;15600;null;12;NACIONAL;Familia;1
2900001464091.00;49;43692;11400;8400;NACIONAL;Hipoteca;1
2900010998256.00;69;19200;null;null;NACIONAL;Propia;1
2900002493215.00;71;13146;null;8964;NACIONAL;Propia;0
2900001042294.00;43;25900;3936;3360;NACIONAL;Hipoteca;0
2900003167406.00;58;15048;null;null;NACIONAL;Propia;1
2900002764635.00;46;8892;null;null;EXTRANJERO;Familia;1
2900010683025.00;34;11280;3600;null;NACIONAL;Hipoteca;1
2900000795544.00;40;12000;null;1980;NACIONAL;Otra vivienda;0
2900003176332.00;26;16324;7200;3336;EXTRANJERO;Alquilado;1
2900010863610.00;59;19200;6300;6300;NACIONAL;Hipoteca;1
2900001991589.00;38;15600;2352;4200;EXTRANJERO;Hipoteca;0
2900010386174.00;65;null;null;null;NACIONAL;Hipoteca;1
2900002084295.00;44;7910;7200;2760;NACIONAL;Alquilado;0
2900003294693.00;61;20860;8400;1440;NACIONAL;Alquilado;1
2900002385931.00;26;12;6240;1416;EXTRANJERO;Alquilado;0
2900006404939.00;35;17724;3660;2760;NACIONAL;Hipoteca;1
2900010863244.00;60;16016;8532;3024;NACIONAL;Hipoteca;1
2900010863582.00;34;13800;6000;1788;NACIONAL;Alquilado;1
2900010240603.00;58;23996;4464;null;NACIONAL;Hipoteca;1
2900010862120.00;38;null;null;2412;EXTRANJERO;Familia;1
2900006839856.00;34;2580;null;null;NACIONAL;Alquilado;1
2900010863382.00;55;25018;null;null;NACIONAL;Propia;1
2900001792549.00;63;21588;6060;4152;NACIONAL;Alquilado;0
2900010503358.00;39;25200;4620;20088;NACIONAL;Hipoteca;0
2900007390929.00;49;42000;10080;12;EXTRANJERO;Hipoteca;0
2900002983425.00;41;17794;3264;2376;NACIONAL;Hipoteca;0
2900006476051.00;40;14928;3600;null;NACIONAL;Alquilado;1
2900010863363.00;60;14688;null;12;NACIONAL;Propia;1
2900007282222.00;39;11880;null;null;NACIONAL;Hipoteca;0
2900002382648.00;45;24430;null;12;EXTRANJERO;Empresa;1
2900003178621.00;58;18720;2880;2100;NACIONAL;Familia;1
2900002567333.00;59;39000;6720;12000;NACIONAL;Hipoteca;1
2900001676819.00;42;17712;3360;1440;NACIONAL;Hipoteca;1
2900002910120.00;43;13416;null;11184;NACIONAL;Familia;0
2900001394058.00;52;21000;null;null;NACIONAL;Hipoteca;0
2900003331125.00;40;18200;4296;3000;NACIONAL;Hipoteca;0
2900002634594.00;57;12552;7440;3432;NACIONAL;Propia;1
2900010935842.00;42;13608;9840;3420;NACIONAL;Hipoteca;0
2900002721230.00;40;20244;9000;null;NACIONAL;Hipoteca;0
2900002490729.00;46;19872;4200;3468;NACIONAL;Hipoteca;0
2900001960461.00;45;11746;1800;1800;NACIONAL;Hipoteca;1
2900010474782.00;44;33600;null;null;NACIONAL;Propia;0
2900010673348.00;72;15862;null;4200;NACIONAL;Propia;1
2900002765083.00;50;11284;null;3444;NACIONAL;Familia;1
2900010304929.00;70;35000;3600;4548;EXTRANJERO;Alquilado;0
2900000971727.00;51;9828;9600;2880;NACIONAL;Alquilado;0
2900002472814.00;54;43704;5400;9000;NACIONAL;Hipoteca;0
2900006841460.00;48;17038;2400;3600;NACIONAL;Alquilado;1
2900002727511.00;55;11354;null;5424;NACIONAL;Propia;0
2900002015009.00;51;null;7200;null;EXTRANJERO;Hipoteca;0
2900010704465.00;56;null;5040;null;NACIONAL;Hipoteca;1
2900010933605.00;50;7776;6900;600;NACIONAL;Alquilado;1
2900000798092.00;47;16968;null;null;NACIONAL;Alquilado;0
2900006997634.00;45;null;7800;12;NACIONAL;Hipoteca;1
2900003173900.00;66;24472;null;1464;NACIONAL;Familia;0
2900002389231.00;43;null;null;null;NACIONAL;Hipoteca;0
2900007131396.00;38;20676;8400;12;NACIONAL;Hipoteca;1